symbol,publishedDate,title,image,site,text,url,extract,metadata
NVDA,2024-10-26 13:54:27,Nvidia earnings: What to expect from the AI darling,https://images.financialmodelingprep.com/news/nvidia-earnings-what-to-expect-from-the-ai-darling-20241026.jpg,youtube.com,"Nvidia (NVDA) is set to report third quarter earnings for the fiscal 2025 on Wednesday, November 20. Goldman Sachs managing director Toshiya Hari joins Seana Smith and Madison Mills on Catalysts to discuss what to expect from the key artificial intelligence (AI) player.",https://www.youtube.com/watch?v=PLP0dCXMTMw,,
NVDA,2024-10-26 11:20:00,The Artificial Intelligence (AI) Market Size Could Reach $826 Billion by 2030. Here Are 2 Companies That Are AI Stars.,https://images.financialmodelingprep.com/news/the-artificial-intelligence-ai-market-size-could-reach-826-20241026.jpg,fool.com,Who's going to capture those billions?,https://www.fool.com/investing/2024/10/26/the-artificial-intelligence-ai-market-size-could/,"{'article': {'title': 'Top AI Stocks to Watch for Growth in 2025', 'author': 'Johnny Rice', 'date': 'October 26, 2024', 'key_points': ['The AI landscape is changing, but established players are in a prime position to keep growing.', 'Hardware remains extremely profitable.', 'Big tech is racing to lead in the AI market.', '2025 could see significant growth in AI stocks.'], 'market_analysis': {'total_market_value': '$826 billion by 2030', 'companies_to_watch': [{'name': 'Nvidia', 'ticker': 'NVDA', 'market_cap': '$3,472B', 'current_price': '$141.54', 'prospects': {'growth_factors': [""Sales of the soon-to-be-released 'Blackwell' architecture AI chips"", ""Imminent revenue jump due to high demand for current 'Hopper' chips""], 'competition': {'main_competitors': ['AMD'], 'analysis': 'AMD is a full cycle behind and will face challenges.'}}}, {'name': 'Meta', 'ticker': 'META', 'market_cap': '$1,450B', 'current_price': '$573.25', 'prospects': {'growth_factors': ['Strong user and revenue growth from social media platforms', 'Investments in Meta AI and potential integration with Reality Labs'], 'risks': {'concerns': 'Losses in the Metaverse division.'}}}]}, 'disclaimer': {'note': 'Authors and the platform hold positions in recommended stocks.', 'disclosure': ""For more information, see The Motley Fool's disclosure policy.""}}}","{'title': 'The Artificial Intelligence (AI) Market Size Could Reach $826 Billion by 2030. Here Are 2 Companies That Are AI Stars. | The Motley FoolSearchangle-downangle-downangle-downangle-downangle-downBarsTimesSearchangle-downangle-upangle-downangle-upangle-downangle-upangle-downangle-upangle-downangle-upArrow-Thin-DownArrows-InArrow-Thin-DownArrows-InArrow-Thin-DownFacebookTwitterLinkedInPinterestYouTubeInstagramTikTok', 'description': ""Who's going to capture those billions?"", 'language': 'en', 'robots': 'max-image-preview:large', 'ogTitle': 'The Artificial Intelligence (AI) Market Size Could Reach $826 Billion by 2030. Here Are 2 Companies That Are AI Stars. | The Motley Fool', 'ogDescription': ""Who's going to capture those billions?"", 'ogUrl': 'https://www.fool.com/investing/2024/10/26/the-artificial-intelligence-ai-market-size-could/', 'ogImage': 'https://g.foolcdn.com/editorial/images/795100/gettyimages-2155769555-601x338-1eef9ce.jpg', 'ogLocaleAlternate': [], 'ogSiteName': 'The Motley Fool', 'publishedTime': '2024-10-26T11:20:00-04:00', 'infotrackSnippetVersion': '7.3.1', 'viewport': 'width=device-width, initial-scale=1.0, maximum-scale=1.0, shrink-to-fit=no', 'twitter:site': '@themotleyfool', 'twitter:card': 'summary_large_image', 'twitter:title': 'The Artificial Intelligence (AI) Market Size Could Reach $826 Billion by 2030. Here Are 2 Companies That Are AI Stars. @themotleyfool #stocks $NVDA $META $GOOGL $AMD $GOOG', 'twitter:description': ""Who's going to capture those billions?"", 'og:site_name': 'The Motley Fool', 'og:title': 'The Artificial Intelligence (AI) Market Size Could Reach $826 Billion by 2030. Here Are 2 Companies That Are AI Stars. | The Motley Fool', 'og:description': ""Who's going to capture those billions?"", 'og:url': 'https://www.fool.com/investing/2024/10/26/the-artificial-intelligence-ai-market-size-could/', 'twitter:image': 'https://g.foolcdn.com/image/?url=https%3A%2F%2Fg.foolcdn.com%2Feditorial%2Fimages%2F795100%2Fgettyimages-2155769555-601x338-1eef9ce.jpg&op=resize&w=400&h=400', 'twitter:image:alt': 'GettyImages-2155769555-601x338-1eef9ce', 'og:image': 'https://g.foolcdn.com/editorial/images/795100/gettyimages-2155769555-601x338-1eef9ce.jpg', 'og:image:alt': 'GettyImages-2155769555-601x338-1eef9ce', 'og:type': 'article', 'fb:pages': '7240312795', 'fb:app_id': '50808187550', 'msvalidate.01': '8D40D58712924715BAA79D135A6C8DDA', 'headline': 'The Artificial Intelligence (AI) Market Size Could Reach $826 Billion by 2030. Here Are 2 Companies That Are AI Stars.', 'STORY_UID': '9cba6fd5-27b2-419d-9ea6-e0b237cc2708', 'author': 'Johnny Rice', 'date': '2024-10-26T15:20:00Z', 'gsa_date': '2024 10 26', 'publish_time': '11:20', 'promo': ""Who's going to capture those billions?"", 'bureau': 'usmf-technology-and-telecom', 'tags': 'Default Partners,Yahoo News,MSN,Repeatable', 'tickers': 'NVDA,META,GOOGL,AMD,GOOG', 'instrument_ids': '204770,273426,203768,202799,288965', 'primary_instrument_ids': '204770', 'primary_tickers': 'NVDA', 'primary_tickers_companies': 'Nvidia', 'adtags': ""['default-partners', 'yahoo-news', 'msn', 'repeatable']"", 'article_tags': 'Default Partners,Yahoo News,MSN,Repeatable', 'article_uuid': '9cba6fd5-27b2-419d-9ea6-e0b237cc2708', 'article_type': 'article', 'collection': 'investing', 'article:published_time': '2024-10-26T11:20:00-04:00', 'article:author': 'https://www.facebook.com/themotleyfool/', 'article:tag': 'usmf-technology-and-telecom', 'article:section': 'investing', 'page_type': 'fool_com_article', 'sourceURL': 'https://www.fool.com/investing/2024/10/26/the-artificial-intelligence-ai-market-size-could/', 'statusCode': 200}"
NVDA,2024-10-26 07:23:37,Why Nvidia Is Worth More Than Apple,https://images.financialmodelingprep.com/news/why-nvidia-is-worth-more-than-apple-20241026.jpg,247wallst.com,"When asked why he made more money than US President Herbert Hoover in 1930, Babe Ruth said, “Why not?",https://247wallst.com/investing/2024/10/26/why-nvidia-is-worth-more-than-apple/,"{'article': {'title': 'Why Nvidia Is Worth More Than Apple', 'author': 'Douglas A. McIntyre', 'published_date': 'October 26, 2024', 'key_points': [{'point': ""Nvidia's market cap recently surpassed Apple's, both hovering just over $3.5 trillion.""}, {'point': ""Nvidia's stock has seen a 185% increase this year, significantly outpacing Apple's 20% rise.""}, {'point': ""Apple's upcoming earnings report is not expected to be strong, as their new iPhone model was only recently released.""}, {'point': 'Nvidia reported a revenue of $6.7 billion for the same quarter last year, with expectations of substantial growth in the upcoming report.'}, {'point': 'Apple needs to exceed previous year revenue and EPS figures to sustain its stock prices, while Nvidia needs to maintain impressive growth to hold its market valuation.'}]}}","{'title': 'Why Nvidia Is Worth More Than Apple - 24/7 Wall St.', 'description': ['Nvidia and Apple are in a race for which will have the higher market cap. Apple needs modest earnings. Nvidia needs better.', 'When asked why he made more money than US President Herbert Hoover in 1930, Babe Ruth said, “Why not? I had a better year than he did.” Ruth made $80,000 that year. Hoover made $75,000. Hoover went on to lose the 1932 election to Franklin Roosevelt. After hitting the most home runs in baseball history, […]'], 'language': 'en-US', 'robots': 'index, follow, max-image-preview:large, max-snippet:-1, max-video-preview:-1', 'ogTitle': 'Why Nvidia Is Worth More Than Apple', 'ogDescription': 'Nvidia and Apple are in a race for which will have the higher market cap. Apple needs modest earnings. Nvidia needs better.', 'ogUrl': 'https://247wallst.com/investing/2024/10/26/why-nvidia-is-worth-more-than-apple/', 'ogImage': 'https://247wallst.com/wp-content/uploads/2022/10/imageForEntry1-pEE.jpg', 'ogLocale': 'en_US', 'ogLocaleAlternate': [], 'ogSiteName': '24/7 Wall St.', 'publishedTime': '2024-10-26T11:23:37+00:00', 'viewport': 'width=device-width, initial-scale=1', 'msapplication-TileColor': '#ffffff', 'msapplication-TileImage': '/icons/ms-icon-144x144.png', 'theme-color': '#ffffff', 'ahrefs-site-verification': '70ab13f32d51af29adeda109eae52556ab7f13d4fdef33e92812c02ac1665f9c', 'og:locale': 'en_US', 'og:type': 'article', 'og:title': 'Why Nvidia Is Worth More Than Apple', 'og:description': 'Nvidia and Apple are in a race for which will have the higher market cap. Apple needs modest earnings. Nvidia needs better.', 'og:url': 'https://247wallst.com/investing/2024/10/26/why-nvidia-is-worth-more-than-apple/', 'og:site_name': '24/7 Wall St.', 'article:published_time': '2024-10-26T11:23:37+00:00', 'og:image': ['https://247wallst.com/wp-content/uploads/2022/10/imageForEntry1-pEE.jpg', 'https://247wallst.com/wp-content/uploads/2022/10/imageForEntry1-pEE.jpg'], 'og:image:width': '1366', 'og:image:height': '767', 'og:image:type': 'image/jpeg', 'author': 'Douglas A. McIntyre', 'twitter:card': 'summary_large_image', 'twitter:creator': '@dougmcintyre', 'twitter:label1': 'Written by', 'twitter:data1': 'Douglas A. McIntyre', 'twitter:label2': 'Est. reading time', 'twitter:data2': '2 minutes', 'sourceURL': 'https://247wallst.com/investing/2024/10/26/why-nvidia-is-worth-more-than-apple/', 'statusCode': 200}"
NVDA,2024-10-26 05:41:00,Prediction: This Will Be the Best-Performing Stock in the $1 Trillion Club in 2025,https://images.financialmodelingprep.com/news/prediction-this-will-be-the-bestperforming-stock-in-the-20241026.jpg,fool.com,Nvidia's incredible run of revenue and earnings growth is forecast to continue next year.,https://www.fool.com/investing/2024/10/26/prediction-best-performing-stock-1-trillion-2025/,"{'article': {'title': ""Nvidia's Incredible Growth: Forecast and Predictions"", 'author': 'Anthony Di Pizio', 'date': 'October 26, 2024', 'key_points': [{'point': ""Nvidia stock led the S&P 500 index with a 239% gain in 2023, and it's up a further 181% in 2024.""}, {'point': 'The company is experiencing incredible demand for its data center chips used in artificial intelligence (AI) models.'}, {'point': 'Nvidia is set to ship its new Blackwell chips, which could contribute to strong stock performance in 2025.'}], 'stock_information': {'market_cap': '$3,472B', 'current_price': '$141.54', 'previous_day_change': '(0.80%) $1.13'}, 'performance': {'2023_gain_percent': 239, '2024_gain_percent': 181, 'comparison': 'Ahead of every other company worth over $1 trillion.'}, 'product_highlights': {'blackwell_chips': {'description': 'Next generation of AI GPUs set to outperform current models significantly.', 'performance_advantage': 'Blackwell architecture can perform AI inference at 30 times the speed of the H100.'}, 'demand_projection': {'2024_shipments': {'Q4': 'Up to 200,000 units', 'Q1_2025': 'Up to 550,000 units'}, 'revenue_potential': '$30 billion from data center revenue over two quarters.'}}, 'financial_outlook': {'fiscal_2025_revenue': '$125.6 billion', 'fiscal_2026_revenue': '$179.2 billion', 'data_center_segment_growth': '87% of total revenue in Q2 fiscal 2025.'}, 'market_position': {'implied_growth': 'Stock may increase by 70% or more if it follows historical P/E ratios.', 'analyst_forecasts': {'fiscal_2026_eps_forecast': '$4.06', 'current_pe_ratio': 63.1, 'forward_pe_ratio': 34.3}}, 'ceo_quote': ""Demand for Blackwell GPUs is 'insane.'""}}","{'title': 'Prediction: This Will Be the Best-Performing Stock in the $1 Trillion Club in 2025 | The Motley FoolSearchangle-downangle-downangle-downangle-downangle-downBarsTimesSearchangle-downangle-upangle-downangle-upangle-downangle-upangle-downangle-upangle-downangle-upArrow-Thin-DownArrows-InArrow-Thin-DownFacebookTwitterLinkedInPinterestYouTubeInstagramTikTok', 'description': ""Nvidia's incredible run of revenue and earnings growth is forecast to continue next year."", 'language': 'en', 'robots': 'max-image-preview:large', 'ogTitle': 'Prediction: This Will Be the Best-Performing Stock in the $1 Trillion Club in 2025 | The Motley Fool', 'ogDescription': ""Nvidia's incredible run of revenue and earnings growth is forecast to continue next year."", 'ogUrl': 'https://www.fool.com/investing/2024/10/26/prediction-best-performing-stock-1-trillion-2025/', 'ogImage': 'https://g.foolcdn.com/editorial/images/795164/nvidia-headquarters-with-nvidia-sign-in-front.png', 'ogLocaleAlternate': [], 'ogSiteName': 'The Motley Fool', 'publishedTime': '2024-10-26T05:41:00-04:00', 'infotrackSnippetVersion': '7.3.1', 'viewport': 'width=device-width, initial-scale=1.0, maximum-scale=1.0, shrink-to-fit=no', 'twitter:site': '@themotleyfool', 'twitter:card': 'summary_large_image', 'twitter:title': 'Prediction: This Will Be the Best-Performing Stock in the $1 Trillion Club in 2025 @themotleyfool #stocks $NVDA $^GSPC', 'twitter:description': ""Nvidia's incredible run of revenue and earnings growth is forecast to continue next year."", 'og:site_name': 'The Motley Fool', 'og:title': 'Prediction: This Will Be the Best-Performing Stock in the $1 Trillion Club in 2025 | The Motley Fool', 'og:description': ""Nvidia's incredible run of revenue and earnings growth is forecast to continue next year."", 'og:url': 'https://www.fool.com/investing/2024/10/26/prediction-best-performing-stock-1-trillion-2025/', 'twitter:image': 'https://g.foolcdn.com/image/?url=https%3A%2F%2Fg.foolcdn.com%2Feditorial%2Fimages%2F795164%2Fnvidia-headquarters-with-nvidia-sign-in-front.png&op=resize&w=400&h=400', 'twitter:image:alt': 'nvidia headquarters with nvidia sign in front', 'og:image': 'https://g.foolcdn.com/editorial/images/795164/nvidia-headquarters-with-nvidia-sign-in-front.png', 'og:image:alt': 'nvidia headquarters with nvidia sign in front', 'og:type': 'article', 'fb:pages': '7240312795', 'fb:app_id': '50808187550', 'msvalidate.01': '8D40D58712924715BAA79D135A6C8DDA', 'headline': 'Prediction: This Will Be the Best-Performing Stock in the $1 Trillion Club in 2025', 'STORY_UID': 'd58f196e-0666-456c-9ee4-0fff045771b6', 'author': 'Anthony Di Pizio', 'date': '2024-10-26T09:41:00Z', 'gsa_date': '2024 10 26', 'publish_time': '05:41', 'promo': ""Nvidia's incredible run of revenue and earnings growth is forecast to continue next year."", 'bureau': 'usmf-technology-and-telecom', 'tags': 'Default Partners,Yahoo News,MSN', 'tickers': 'NVDA,^GSPC', 'instrument_ids': '204770,220472', 'primary_instrument_ids': '204770', 'primary_tickers': 'NVDA', 'primary_tickers_companies': 'Nvidia', 'adtags': ""['default-partners', 'yahoo-news', 'msn']"", 'article_tags': 'Default Partners,Yahoo News,MSN', 'article_uuid': 'd58f196e-0666-456c-9ee4-0fff045771b6', 'article_type': 'article', 'collection': 'investing', 'article:published_time': '2024-10-26T05:41:00-04:00', 'article:author': 'https://www.facebook.com/themotleyfool/', 'article:tag': 'usmf-technology-and-telecom', 'article:section': 'investing', 'page_type': 'fool_com_article', 'sourceURL': 'https://www.fool.com/investing/2024/10/26/prediction-best-performing-stock-1-trillion-2025/', 'statusCode': 200}"
NVDA,2024-10-26 03:00:00,Should You Buy Nvidia Before Nov. 20? Here's What History Says.,https://images.financialmodelingprep.com/news/should-you-buy-nvidia-before-nov-20-heres-what-20241026.jpg,fool.com,History shows a clear trend,https://www.fool.com/investing/2024/10/26/should-you-buy-nvidia-before-nov-20-history-says/,"{'article': {'title': ""Nvidia's Upcoming Earnings Report and Growth Potential"", 'date': 'October 26, 2024', 'author': 'Adria Cimino', 'key_points': ['Nvidia plans to report earnings on Nov. 20 and has forecast double-digit revenue growth.', 'The company is moving closer to the launch of its potentially game-changing Blackwell architecture.', ""Historical trends suggest Nvidia's stock may rise following the earnings report.""], 'company': {'name': 'Nvidia', 'market_cap': '$3,472B', 'current_price': '$141.54', 'historical_growth': 'over 2,700% in the past five years', 'ai_market_share': '80%', 'ai_market_growth_forecast': 'from $200 billion to $1 trillion by the end of the decade'}, 'earnings_expectations': {'next_report_date': 'November 20', 'revenue_growth': {'forecast': 'double-digit', 'note': 'recent periods of triple-digit growth'}, 'gross_margin': {'last_quarter': '75%', 'forecast': 'mid-70% range for Q3'}, 'upcoming_product': {'name': 'Blackwell architecture', 'CEO_comment': 'demand surpassed supply'}}, 'historical_stock_performance': {'recent_trends': {'last_eight_quarters': {'gains': {'count': 6, 'double_digit_gain': 4}}}}, 'investment_recommendation': {'short_term': {'risk': ""stocks don't always follow historical trends"", 'potential_gain': 'positive news may lead to stock rise'}, 'long_term': {'confidence': ""Nvidia's lead in AI and product demand"", 'growth_prospects': 'efficiency gains with Blackwell production'}}, 'conclusion': 'Nvidia represents a good investment opportunity both before and after the Nov. 20 earnings report due to its strong growth potential.'}}","{'title': ""Should You Buy Nvidia Before Nov. 20? Here's What History Says. | The Motley FoolSearchangle-downangle-downangle-downangle-downangle-downBarsTimesSearchangle-downangle-upangle-downangle-upangle-downangle-upangle-downangle-upangle-downangle-upArrow-Thin-DownArrows-InArrow-Thin-DownFacebookTwitterLinkedInPinterestYouTubeInstagramTikTok"", 'description': 'History shows a clear trend...', 'language': 'en', 'robots': 'max-image-preview:large', 'ogTitle': ""Should You Buy Nvidia Before Nov. 20? Here's What History Says. | The Motley Fool"", 'ogDescription': 'History shows a clear trend...', 'ogUrl': 'https://www.fool.com/investing/2024/10/26/should-you-buy-nvidia-before-nov-20-history-says/', 'ogImage': 'https://g.foolcdn.com/editorial/images/795179/gettyimages-904880170.jpg', 'ogLocaleAlternate': [], 'ogSiteName': 'The Motley Fool', 'publishedTime': '2024-10-26T03:00:00-04:00', 'infotrackSnippetVersion': '7.3.1', 'viewport': 'width=device-width, initial-scale=1.0, maximum-scale=1.0, shrink-to-fit=no', 'twitter:site': '@themotleyfool', 'twitter:card': 'summary_large_image', 'twitter:title': ""Should You Buy Nvidia Before Nov. 20? Here's What History Says. @themotleyfool #stocks $NVDA"", 'twitter:description': 'History shows a clear trend...', 'og:site_name': 'The Motley Fool', 'og:title': ""Should You Buy Nvidia Before Nov. 20? Here's What History Says. | The Motley Fool"", 'og:description': 'History shows a clear trend...', 'og:url': 'https://www.fool.com/investing/2024/10/26/should-you-buy-nvidia-before-nov-20-history-says/', 'twitter:image': 'https://g.foolcdn.com/image/?url=https%3A%2F%2Fg.foolcdn.com%2Feditorial%2Fimages%2F795179%2Fgettyimages-904880170.jpg&op=resize&w=400&h=400', 'twitter:image:alt': 'GettyImages-904880170', 'og:image': 'https://g.foolcdn.com/editorial/images/795179/gettyimages-904880170.jpg', 'og:image:alt': 'GettyImages-904880170', 'og:type': 'article', 'fb:pages': '7240312795', 'fb:app_id': '50808187550', 'msvalidate.01': '8D40D58712924715BAA79D135A6C8DDA', 'headline': ""Should You Buy Nvidia Before Nov. 20? Here's What History Says."", 'STORY_UID': '1e7809d0-09b8-46fa-a247-cdcfcfeabea0', 'author': 'Adria Cimino', 'date': '2024-10-26T07:00:00Z', 'gsa_date': '2024 10 26', 'publish_time': '03:00', 'promo': 'History shows a clear trend...', 'bureau': 'usmf-technology-and-telecom', 'tags': 'Default Partners,Yahoo News,MSN', 'tickers': 'NVDA', 'instrument_ids': '204770', 'primary_instrument_ids': '204770', 'primary_tickers': 'NVDA', 'primary_tickers_companies': 'Nvidia', 'adtags': ""['default-partners', 'yahoo-news', 'msn']"", 'article_tags': 'Default Partners,Yahoo News,MSN', 'article_uuid': '1e7809d0-09b8-46fa-a247-cdcfcfeabea0', 'article_type': 'article', 'collection': 'investing', 'article:published_time': '2024-10-26T03:00:00-04:00', 'article:author': 'https://www.facebook.com/themotleyfool/', 'article:tag': 'usmf-technology-and-telecom', 'article:section': 'investing', 'page_type': 'fool_com_article', 'sourceURL': 'https://www.fool.com/investing/2024/10/26/should-you-buy-nvidia-before-nov-20-history-says/', 'statusCode': 200}"
NVDA,2024-10-25 17:00:00,"Nvidia Stock Could Soar Another 38%, According to 1 Wall Street Firm",https://images.financialmodelingprep.com/news/nvidia-stock-could-soar-another-38-according-to-1-20241025.jpg,fool.com,One Wall Street firm has significantly bumped its price target on Nvidia stock.,https://www.fool.com/investing/2024/10/25/nvidia-stock-could-soar-another-38-according-to-1/,,
NVDA,2024-10-25 16:20:43,Retail Investors Are Buying Up Nvidia and Other Single Stocks. Here's What That Means.,https://images.financialmodelingprep.com/news/retail-investors-are-buying-up-nvidia-and-other-single-20241025.jpg,investopedia.com,Retail investors have been buying up Nvidia (NVDA) and favoring single stocks over exchange-traded funds lately. That could indicate optimism about the markets.,https://www.investopedia.com/retail-investors-nvidia-and-other-single-stocks-what-that-means-8734308,,
NVDA,2024-10-25 15:48:00,This chart shows how Nvidia soared back toward the top of the tech heap,https://images.financialmodelingprep.com/news/this-chart-shows-how-nvidia-soared-back-toward-the-20241025.jpg,marketwatch.com,"Nvidia has tacked on more than $1 trillion in market cap in less than three months, as it looks to reclaim the title of most valuable U.S. company.",https://www.marketwatch.com/story/this-chart-shows-how-nvidia-soared-back-toward-the-top-of-the-tech-heap-73635f7a,,
NVDA,2024-10-25 13:33:32,Trade Tracker: Bryn Talkington buys more Nvidia,https://images.financialmodelingprep.com/news/trade-tracker-bryn-talkington-buys-more-nvidia-20241025.jpg,youtube.com,"Bryn Talkington, Managing Partner of Requisite Capital Management, joins CNBC's ""Halftime Report"" to discuss why she's buying more Nvidia.",https://www.youtube.com/watch?v=qugMQsBpJ-4,,
NVDA,2024-10-25 12:54:00,How to increase or cut your exposure to Nvidia and other hot Big Tech stocks,https://images.financialmodelingprep.com/news/how-to-increase-or-cut-your-exposure-to-nvidia-20241025.jpg,marketwatch.com,"Also: Tesla's killer quarter, stock-market warnings and more positive predictions, and some World Series numbers.",https://www.marketwatch.com/story/how-to-increase-or-cut-your-exposure-to-nvidia-and-other-hot-big-tech-stocks-f4d42212,,
